{
    "mse": 0.5310384066059237,
    "rmse": 0.7287238205286855,
    "mae": 0.5310384066059237,
    "r2_score": 0.2755507868160961
}